"prob_bin","Bin_Count","Mean_Predicted_Prob","Observed_Positive_Count","Observed_Positive_Rate","Calibration_Error"
"[0,0.1]",3207,0.0259,62,0.0193,-0.0066
"(0.1,0.2]",669,0.1471,103,0.154,0.0069
"(0.2,0.3]",564,0.2497,157,0.2784,0.0287
"(0.3,0.4]",451,0.3471,167,0.3703,0.0232
"(0.4,0.5]",307,0.4463,136,0.443,-0.0033
"(0.5,0.6]",314,0.5496,168,0.535,-0.0146
"(0.6,0.7]",296,0.6514,188,0.6351,-0.0163
"(0.7,0.8]",259,0.7472,195,0.7529,0.0057
"(0.8,0.9]",192,0.8444,153,0.7969,-0.0475
"(0.9,1]",249,0.9658,239,0.9598,-0.006
