"Predictor","Odds_Ratio","CI_95_Lower","CI_95_Upper","P_Value","Interpretation"
"(Intercept)",1e-04,0,2e-04,"< 1e-04","Lower modeled odds of >50K"
"age",1.0237,1.0201,1.0272,"< 1e-04","Higher modeled odds of >50K"
"workclassLocal-gov",0.5418,0.4239,0.6924,"< 1e-04","Lower modeled odds of >50K"
"workclassNever-worked",0,0,6.70029785159146e+147,"0.95068497","Lower modeled odds of >50K"
"workclassPrivate",0.5495,0.4481,0.674,"< 1e-04","Lower modeled odds of >50K"
"workclassSelf-emp-inc",0.6695,0.512,0.8755,"0.00337427","Lower modeled odds of >50K"
"workclassSelf-emp-not-inc",0.3635,0.2864,0.4614,"< 1e-04","Lower modeled odds of >50K"
"workclassState-gov",0.4721,0.3597,0.6195,"< 1e-04","Lower modeled odds of >50K"
"workclassWithout-pay",0,0,7.65596427077639e+108,"0.92954096","Lower modeled odds of >50K"
"education_num",1.349,1.3228,1.3756,"< 1e-04","Higher modeled odds of >50K"
"marital_statusMarried-AF-spouse",9.8928,2.7332,35.8072,"0.00047939","Higher modeled odds of >50K"
"marital_statusMarried-civ-spouse",7.1641,3.8836,13.2158,"< 1e-04","Higher modeled odds of >50K"
"marital_statusMarried-spouse-absent",0.8766,0.5301,1.4494,"0.60758563","Lower modeled odds of >50K"
"marital_statusNever-married",0.6468,0.5347,0.7823,"< 1e-04","Lower modeled odds of >50K"
"marital_statusSeparated",0.9136,0.6374,1.3094,"0.62264935","Lower modeled odds of >50K"
"marital_statusWidowed",0.8949,0.6291,1.2731,"0.53701012","Lower modeled odds of >50K"
"occupationArmed-Forces",0.3534,0.016,7.8018,"0.51001676","Lower modeled odds of >50K"
"occupationCraft-repair",1.0669,0.897,1.2691,"0.46431336","Higher modeled odds of >50K"
"occupationExec-managerial",2.0953,1.7735,2.4755,"< 1e-04","Higher modeled odds of >50K"
"occupationFarming-fishing",0.3614,0.2665,0.4901,"< 1e-04","Lower modeled odds of >50K"
"occupationHandlers-cleaners",0.5753,0.4241,0.7806,"0.00038337","Lower modeled odds of >50K"
"occupationMachine-op-inspct",0.7879,0.6332,0.9803,"0.03245514","Lower modeled odds of >50K"
"occupationOther-service",0.448,0.3471,0.5782,"< 1e-04","Lower modeled odds of >50K"
"occupationPriv-house-serv",0.0338,0.001,1.1346,"0.05881863","Lower modeled odds of >50K"
"occupationProf-specialty",1.3073,1.1095,1.5403,"0.00136490","Higher modeled odds of >50K"
"occupationProtective-serv",1.4172,1.0739,1.8702,"0.01375850","Higher modeled odds of >50K"
"occupationSales",1.3335,1.1148,1.5949,"0.00163263","Higher modeled odds of >50K"
"occupationTech-support",1.7864,1.4032,2.2741,"< 1e-04","Higher modeled odds of >50K"
"occupationTransport-moving",0.919,0.7411,1.1395,"0.44142076","Lower modeled odds of >50K"
"relationshipNot-in-family",1.4165,0.7734,2.5943,"0.25938045","Higher modeled odds of >50K"
"relationshipOther-relative",0.5113,0.2878,0.9086,"0.02221473","Lower modeled odds of >50K"
"relationshipOwn-child",0.3474,0.1896,0.6364,"0.00061945","Lower modeled odds of >50K"
"relationshipUnmarried",1.1638,0.614,2.2058,"0.64190610","Higher modeled odds of >50K"
"relationshipWife",3.567,2.8539,4.4583,"< 1e-04","Higher modeled odds of >50K"
"raceAsian-Pac-Islander",1.9947,1.1708,3.3986,"0.01108701","Higher modeled odds of >50K"
"raceBlack",1.7485,1.0605,2.8828,"0.02849261","Higher modeled odds of >50K"
"raceOther",1.121,0.5232,2.4016,"0.76896141","Higher modeled odds of >50K"
"raceWhite",2.1007,1.3032,3.3862,"0.00231086","Higher modeled odds of >50K"
"sexMale",2.3734,1.9955,2.8228,"< 1e-04","Higher modeled odds of >50K"
"capital_gain",1.0003,1.0003,1.0003,"< 1e-04","Higher modeled odds of >50K"
"capital_loss",1.0006,1.0005,1.0007,"< 1e-04","Higher modeled odds of >50K"
"hours_per_week",1.0323,1.0286,1.0359,"< 1e-04","Higher modeled odds of >50K"
"native_regionUnited-States",1.2166,1.0286,1.439,"0.02207612","Higher modeled odds of >50K"
