"Sample_ID","Cooks_Distance","Deviance_Residual","Leverage","Fitted_Prob","Actual_Target"
931,0.0329959509292235,2.39747618826042,0.0685417792776135,0.0564756313934764,1
394,0.0223327092730105,1.61019340286141,0.209941017859587,0.273525234222317,1
1341,0.0204233838524087,-1.8062090504925,0.145227540650349,0.804304532841004,0
2200,0.0187954032402075,1.92948789798786,0.109685281355113,0.155445238365303,1
1873,0.0168103898938775,1.61975499490688,0.170532944483407,0.269333976331412,1
1019,0.0162547393827572,1.7568563571783,0.132857828020963,0.213680765040198,1
222,0.0145550939732017,1.86166856672688,0.101030550486519,0.176770159139896,1
1726,0.0145235772792444,2.19072600696347,0.052098636512558,0.0907505977762227,1
1444,0.0144342765111279,2.07972098853484,0.0655299977851787,0.115023399767737,1
498,0.0131139154406501,2.06390390374022,0.0622244319580501,0.118855160963992,1
