"GVIF","Df","GVIF^(1/(2*Df))","Variable","Standardized_GVIF","Multicollinearity_Status"
1.21195691869335,1,1.10088914913962,"age",1.1009,"Low / Acceptable"
1.48551590926934,7,1.02867207539184,"workclass",1.0287,"Low / Acceptable"
1.39152194441075,1,1.17962788387303,"education_num",1.1796,"Low / Acceptable"
53.6949688208389,6,1.39367379089548,"marital_status",1.3937,"Low / Acceptable"
2.18775851520445,13,1.03056858426042,"occupation",1.0306,"Low / Acceptable"
127.799570323202,5,1.62425023909765,"relationship",1.6243,"Low / Acceptable"
1.31028145930581,4,1.03435727767493,"race",1.0344,"Low / Acceptable"
2.9851472892817,1,1.72775787924168,"sex",1.7278,"Low / Acceptable"
1.03015063021649,1,1.01496336397748,"capital_gain",1.015,"Low / Acceptable"
1.01049339344256,1,1.00523300455296,"capital_loss",1.0052,"Low / Acceptable"
1.14318727133419,1,1.06919935995781,"hours_per_week",1.0692,"Low / Acceptable"
1.24985674248768,1,1.11796992020702,"native_region",1.118,"Low / Acceptable"
