"Variable","Category","Count","Percentage"
"workclass","Federal-gov",960,2.95
"workclass","Local-gov",2093,6.43
"workclass","Never-worked",7,0.02
"workclass","Private",24509,75.33
"workclass","Self-emp-inc",1116,3.43
"workclass","Self-emp-not-inc",2540,7.81
"workclass","State-gov",1298,3.99
"workclass","Without-pay",14,0.04
"education","Preschool",50,0.15
"education","1st-4th",166,0.51
"education","5th-6th",332,1.02
"education","7th-8th",645,1.98
"education","9th",514,1.58
"education","10th",933,2.87
"education","11th",1175,3.61
"education","12th",433,1.33
"education","HS-grad",10494,32.25
"education","Some-college",7282,22.38
"education","Assoc-voc",1382,4.25
"education","Assoc-acdm",1067,3.28
"education","Bachelors",5353,16.45
"education","Masters",1722,5.29
"education","Prof-school",576,1.77
"education","Doctorate",413,1.27
"marital_status","Divorced",4441,13.65
"marital_status","Married-AF-spouse",23,0.07
"marital_status","Married-civ-spouse",14970,46.01
"marital_status","Married-spouse-absent",418,1.28
"marital_status","Never-married",10667,32.78
"marital_status","Separated",1025,3.15
"marital_status","Widowed",993,3.05
"occupation","Adm-clerical",3768,11.58
"occupation","Armed-Forces",9,0.03
"occupation","Craft-repair",4094,12.58
"occupation","Exec-managerial",4065,12.49
"occupation","Farming-fishing",992,3.05
"occupation","Handlers-cleaners",1369,4.21
"occupation","Machine-op-inspct",2000,6.15
"occupation","Other-service",3291,10.11
"occupation","Priv-house-serv",147,0.45
"occupation","Prof-specialty",5979,18.38
"occupation","Protective-serv",649,1.99
"occupation","Sales",3650,11.22
"occupation","Tech-support",927,2.85
"occupation","Transport-moving",1597,4.91
"relationship","Husband",13187,40.53
"relationship","Not-in-family",8292,25.48
"relationship","Other-relative",981,3.02
"relationship","Own-child",5064,15.56
"relationship","Unmarried",3445,10.59
"relationship","Wife",1568,4.82
"race","Amer-Indian-Eskimo",311,0.96
"race","Asian-Pac-Islander",1038,3.19
"race","Black",3122,9.6
"race","Other",271,0.83
"race","White",27795,85.43
"sex","Female",10762,33.08
"sex","Male",21775,66.92
"native_country","Cambodia",19,0.06
"native_country","Canada",121,0.37
"native_country","China",75,0.23
"native_country","Columbia",59,0.18
"native_country","Cuba",95,0.29
"native_country","Dominican-Republic",70,0.22
"native_country","Ecuador",28,0.09
"native_country","El-Salvador",106,0.33
"native_country","England",90,0.28
"native_country","France",29,0.09
"native_country","Germany",137,0.42
"native_country","Greece",29,0.09
"native_country","Guatemala",62,0.19
"native_country","Haiti",44,0.14
"native_country","Holand-Netherlands",1,0
"native_country","Honduras",13,0.04
"native_country","Hong",20,0.06
"native_country","Hungary",13,0.04
"native_country","India",100,0.31
"native_country","Iran",43,0.13
"native_country","Ireland",24,0.07
"native_country","Italy",73,0.22
"native_country","Jamaica",81,0.25
"native_country","Japan",62,0.19
"native_country","Laos",18,0.06
"native_country","Mexico",639,1.96
"native_country","Nicaragua",34,0.1
"native_country","Outlying-US(Guam-USVI-etc)",14,0.04
"native_country","Peru",31,0.1
"native_country","Philippines",198,0.61
"native_country","Poland",60,0.18
"native_country","Portugal",37,0.11
"native_country","Puerto-Rico",114,0.35
"native_country","Scotland",12,0.04
"native_country","South",80,0.25
"native_country","Taiwan",51,0.16
"native_country","Thailand",18,0.06
"native_country","Trinadad&Tobago",19,0.06
"native_country","United-States",29735,91.39
"native_country","Vietnam",67,0.21
"native_country","Yugoslavia",16,0.05
"income","<=50K",24698,75.91
"income",">50K",7839,24.09
