"Term","Estimate","Std_Error","Z_Value","P_Value"
"(Intercept)",-9.2836,0.4605,-20.159,"< 1e-04"
"age",0.0234,0.0018,13.2,"< 1e-04"
"workclassLocal-gov",-0.6129,0.1252,-4.897,"< 1e-04"
"workclassNever-worked",-11.0905,179.3228,-0.062,"0.95068497"
"workclassPrivate",-0.5987,0.1041,-5.749,"< 1e-04"
"workclassSelf-emp-inc",-0.4012,0.1369,-2.931,"0.00337427"
"workclassSelf-emp-not-inc",-1.0119,0.1216,-8.321,"< 1e-04"
"workclassState-gov",-0.7506,0.1387,-5.413,"< 1e-04"
"workclassWithout-pay",-11.845,133.959,-0.088,"0.92954096"
"education_num",0.2993,0.01,29.98,"< 1e-04"
"marital_statusMarried-AF-spouse",2.2918,0.6563,3.492,"0.00047939"
"marital_statusMarried-civ-spouse",1.9691,0.3124,6.303,"< 1e-04"
"marital_statusMarried-spouse-absent",-0.1318,0.2566,-0.514,"0.60758563"
"marital_statusNever-married",-0.4357,0.0971,-4.489,"< 1e-04"
"marital_statusSeparated",-0.0904,0.1836,-0.492,"0.62264935"
"marital_statusWidowed",-0.111,0.1798,-0.617,"0.53701012"
"occupationArmed-Forces",-1.0402,1.5788,-0.659,"0.51001676"
"occupationCraft-repair",0.0648,0.0885,0.732,"0.46431336"
"occupationExec-managerial",0.7397,0.0851,8.695,"< 1e-04"
"occupationFarming-fishing",-1.0177,0.1554,-6.55,"< 1e-04"
"occupationHandlers-cleaners",-0.5528,0.1557,-3.551,"0.00038337"
"occupationMachine-op-inspct",-0.2384,0.1115,-2.139,"0.03245514"
"occupationOther-service",-0.803,0.1302,-6.168,"< 1e-04"
"occupationPriv-house-serv",-3.3879,1.793,-1.89,"0.05881863"
"occupationProf-specialty",0.2679,0.0837,3.202,"0.00136490"
"occupationProtective-serv",0.3487,0.1415,2.464,"0.01375850"
"occupationSales",0.2878,0.0914,3.15,"0.00163263"
"occupationTech-support",0.5802,0.1232,4.711,"< 1e-04"
"occupationTransport-moving",-0.0845,0.1097,-0.77,"0.44142076"
"relationshipNot-in-family",0.3482,0.3087,1.128,"0.25938045"
"relationshipOther-relative",-0.6707,0.2933,-2.287,"0.02221473"
"relationshipOwn-child",-1.0574,0.3089,-3.423,"0.00061945"
"relationshipUnmarried",0.1517,0.3262,0.465,"0.64190610"
"relationshipWife",1.2717,0.1138,11.176,"< 1e-04"
"raceAsian-Pac-Islander",0.6905,0.2719,2.54,"0.01108701"
"raceBlack",0.5588,0.2551,2.19,"0.02849261"
"raceOther",0.1142,0.3887,0.294,"0.76896141"
"raceWhite",0.7423,0.2436,3.047,"0.00231086"
"sexMale",0.8643,0.0885,9.769,"< 1e-04"
"capital_gain",3e-04,0,27.743,"< 1e-04"
"capital_loss",6e-04,0,14.977,"< 1e-04"
"hours_per_week",0.0317,0.0018,17.773,"< 1e-04"
"native_regionUnited-States",0.1961,0.0857,2.289,"0.02207612"
