"Assignment Requirement","Completed?","Evidence/File"
"Use R for actual data analysis","Yes","All 7 scripts in R/ executed via R 4.6.1; outputs in outputs/ and plots/"
"Actually run R code (no theoretical code)","Yes","run_all.R executed to completion; all output logs and files generated"
"Use actual provided data (no fabricated statistics)","Yes","Imported adult.data directly; 32,561 rows, 15 columns verified"
"Preserve original dataset and create cleaned dataset","Yes","Original in data/original/; cleaned in data/cleaned/adult_cleaned.csv and adult_normalized.csv"
"Phase 1: Dataset Understanding & Source Documentation","Yes","Report Section 3, 4, 5, 6; adult.names analyzed; Kohavi & Becker (1996) cited"
"Phase 2: Data Import with R (head, tail, str, dim, names, summary)","Yes","R/01_import.R; outputs/01_head_output.txt; Report Section 5, 7"
"Phase 3: Data Quality Assessment (missing, types, duplicates, bounds)","Yes","R/02_quality_assessment.R; outputs/02_quality_table.csv; Report Section 8 (Table 2)"
"Phase 4: Missing Value Handling & Strategy Justification","Yes","R/03_cleaning.R; outputs/03_before_after_cleaning.csv; Report Section 9, 10 (Table 3)"
"Phase 4: Duplicate Analysis & Deduplication","Yes","R/03_cleaning.R; exactly 24 duplicates pruned; 32,537 rows retained; Report Section 11"
"Phase 4: Data-Type Conversions & Categorical Consistency","Yes","R/03_cleaning.R; factor conversion for nominal/ordinal features; Report Section 12, 13"
"Phase 5: Outlier Detection (Tukey IQR method on numerical variables)","Yes","R/04_outlier_analysis.R; outputs/04_outlier_summary.csv; Report Section 14 (Table 4)"
"Phase 5: Outlier Treatment Decision & Justification","Yes","All 32,537 observations retained; domain validity justified; Report Section 15"
"Phase 6: Normalization/Scaling (Min-Max scaling to [0,1])","Yes","R/05_transformation.R; outputs/05_transformation_report.txt; Report Section 16"
"Phase 7: Categorical Encoding (One-hot dummy encoding)","Yes","R/05_transformation.R; 36 dummy features added; reference dropped; Report Section 17"
"Phase 8: Exploratory Data Analysis Visualizations (13+ charts)","Yes","R/06_eda.R; 22 PNGs in plots/; embedded Figures 1-14 in Report Section 18"
"Phase 9: Descriptive Statistics (Numerical & Categorical tables)","Yes","R/07_final_analysis.R; outputs/07_descriptive_stats.csv; Report Section 19 (Tables 5, 6)"
"Phase 10: Correlation Analysis & Heatmap (Association, not causation)","Yes","R/07_final_analysis.R; outputs/07_correlation_matrix.csv; plots/06_fig14_correlation_heatmap.png; Report Section 20 (Table 7)"
"Phase 11: Initial Insights (8-12 empirical insights from data)","Yes","Report Section 21; exactly 12 empirical insights with exact figures"
"Phase 12: Before vs After Cleaning Summary Table","Yes","R/07_final_analysis.R; outputs/07_before_after_summary.csv; Report Section 22 (Table 8)"
"Phase 13: Reproducible Project Repository Structure","Yes","Week1_Adult_R_Analysis/ directory structure with data, R, plots, outputs, report, run_all.R, README.md"
"Phase 14: Professional DOCX Report with 25+ Required Sections","Yes","report/Week1_Adult_Analysis_Report.docx (269 KB, formatted with tables, figures, code, captions, TOC, cover page)"
"Report Evidence: Explanation, R code, actual output, interpretation","Yes","Included for every analytical section in DOCX report"
"Scholarly References & Attribution","Yes","UCI repository, Kohavi (1996), R Core Team (2026), Tukey (1977), Wickham (2019) cited"
"Appendix: Complete Executed R Code Pipeline","Yes","All 7 R scripts included in Report Section 26 Appendix"
